symbol,price,streak,day_change,week_change,volume,vol_ratio
PARSVNATH,2.17,18,1.88,9.6,20012,0.03
OILCOUNTUB,79.7,15,2.0,10.39,35858,0.92
ANKITMETAL,2.16,15,4.85,14.89,20278,0.88
BAFNAPH,386.3,14,1.99,10.36,944,0.2
FLEXITUFF,3.07,14,1.66,8.87,4021,0.1
DELPHIFX,7.03,10,1.88,13.39,59702,0.31
OCCLLTD,194.0,8,0.26,15.7,72330,0.88
TICL,8.17,8,4.88,27.26,145450,0.17
ONELIFECAP,43.5,7,4.64,20.67,63181,0.73
JSIPL,177.26,7,5.0,27.61,39517,0.03
UYFINCORP,23.7,6,3.67,22.67,442695,3.26
SBC,62.61,6,6.95,18.09,26819603,2.01
GTECJAINX,37.67,6,4.99,42.04,16376,1.82
QUINTEGRA,1.4,5,4.48,25.0,41643,8.76
SAPPL,323.0,5,4.7,16.65,8897,3.42
EUROTEXIND,16.51,5,4.96,40.51,10896,2.89
GRADIENTE,2.47,5,4.66,20.49,982230,1.03
ABAN,16.12,5,4.95,16.39,18382,0.82
DPWIRES,196.78,4,20.0,20.41,816023,99.87
SMLT,78.7,4,6.09,32.6,479274,39.08
